observation_date;WTREGEN
18/12/2002;5959
25/12/2002;4678
01/01/2003;5016
08/01/2003;4829
15/01/2003;5244
22/01/2003;6133
29/01/2003;7162
05/02/2003;5392
12/02/2003;4681
19/02/2003;5048
26/02/2003;5249
05/03/2003;4909
12/03/2003;5196
19/03/2003;4979
26/03/2003;5916
02/04/2003;5654
09/04/2003;6528
16/04/2003;6470
23/04/2003;8927
30/04/2003;8763
07/05/2003;7113
14/05/2003;7139
21/05/2003;6899
28/05/2003;5543
04/06/2003;6487
11/06/2003;6515
18/06/2003;7147
25/06/2003;7199
02/07/2003;6087
09/07/2003;6218
16/07/2003;6479
23/07/2003;6067
30/07/2003;6205
06/08/2003;5639
13/08/2003;5611
20/08/2003;5644
27/08/2003;5974
03/09/2003;4843
10/09/2003;4745
17/09/2003;6084
24/09/2003;7540
01/10/2003;6922
08/10/2003;5185
15/10/2003;3745
22/10/2003;5403
29/10/2003;5125
05/11/2003;5680
12/11/2003;4876
19/11/2003;4651
26/11/2003;5223
03/12/2003;5437
10/12/2003;4974
17/12/2003;5622
24/12/2003;4701
31/12/2003;5850
07/01/2004;5319
14/01/2004;4886
21/01/2004;7374
28/01/2004;5153
04/02/2004;4901
11/02/2004;5352
18/02/2004;4984
25/02/2004;5147
03/03/2004;5618
10/03/2004;5527
17/03/2004;5737
24/03/2004;5371
31/03/2004;5246
07/04/2004;5010
14/04/2004;5158
21/04/2004;6630
28/04/2004;7444
05/05/2004;6025
12/05/2004;5435
19/05/2004;5333
26/05/2004;5212
02/06/2004;4092
09/06/2004;4698
16/06/2004;6195
23/06/2004;7034
30/06/2004;5961
07/07/2004;4541
14/07/2004;4834
21/07/2004;5509
28/07/2004;4956
04/08/2004;4701
11/08/2004;5064
18/08/2004;4456
25/08/2004;4789
01/09/2004;5297
08/09/2004;4910
15/09/2004;5261
22/09/2004;6979
29/09/2004;5118
06/10/2004;5334
13/10/2004;4682
20/10/2004;5232
27/10/2004;4948
03/11/2004;5275
10/11/2004;5012
17/11/2004;4824
24/11/2004;4419
01/12/2004;5217
08/12/2004;4986
15/12/2004;5047
22/12/2004;5133
29/12/2004;4631
05/01/2005;5650
12/01/2005;5145
19/01/2005;4781
26/01/2005;5252
02/02/2005;5070
09/02/2005;4913
16/02/2005;4924
23/02/2005;5250
02/03/2005;5199
09/03/2005;4304
16/03/2005;5118
23/03/2005;4968
30/03/2005;4592
06/04/2005;5296
13/04/2005;5175
20/04/2005;5201
27/04/2005;5586
04/05/2005;4863
11/05/2005;4993
18/05/2005;5209
25/05/2005;4936
01/06/2005;4927
08/06/2005;4778
15/06/2005;5534
22/06/2005;4982
29/06/2005;4726
06/07/2005;3840
13/07/2005;4843
20/07/2005;5423
27/07/2005;4878
03/08/2005;5012
10/08/2005;4989
17/08/2005;4805
24/08/2005;5181
31/08/2005;4909
07/09/2005;4786
14/09/2005;4973
21/09/2005;6319
28/09/2005;5366
05/10/2005;4857
12/10/2005;4787
19/10/2005;4555
26/10/2005;5149
02/11/2005;4981
09/11/2005;5002
16/11/2005;4522
23/11/2005;5107
30/11/2005;5090
07/12/2005;4932
14/12/2005;5396
21/12/2005;5402
28/12/2005;4853
04/01/2006;4734
11/01/2006;4795
18/01/2006;4810
25/01/2006;5314
01/02/2006;5117
08/02/2006;5360
15/02/2006;5224
22/02/2006;5005
01/03/2006;5080
08/03/2006;5028
15/03/2006;4479
22/03/2006;5142
29/03/2006;5400
05/04/2006;5228
12/04/2006;5126
19/04/2006;4999
26/04/2006;4953
03/05/2006;5366
10/05/2006;5151
17/05/2006;5192
24/05/2006;5476
31/05/2006;4870
07/06/2006;5233
14/06/2006;4970
21/06/2006;5007
28/06/2006;4924
05/07/2006;5334
12/07/2006;5186
19/07/2006;4915
26/07/2006;5017
02/08/2006;4720
09/08/2006;4643
16/08/2006;4747
23/08/2006;4997
30/08/2006;5095
06/09/2006;4531
13/09/2006;4749
20/09/2006;6113
27/09/2006;4280
04/10/2006;6650
11/10/2006;5174
18/10/2006;4855
25/10/2006;5178
01/11/2006;4982
08/11/2006;5034
15/11/2006;4960
22/11/2006;4663
29/11/2006;5030
06/12/2006;5060
13/12/2006;4740
20/12/2006;6066
27/12/2006;5240
03/01/2007;5027
10/01/2007;4797
17/01/2007;4686
24/01/2007;5112
31/01/2007;5055
07/02/2007;5097
14/02/2007;5014
21/02/2007;4940
28/02/2007;4674
07/03/2007;4725
14/03/2007;5038
21/03/2007;5408
28/03/2007;4990
04/04/2007;4769
11/04/2007;4672
18/04/2007;5454
25/04/2007;6534
02/05/2007;14887
09/05/2007;4914
16/05/2007;4451
23/05/2007;4913
30/05/2007;5183
06/06/2007;4938
13/06/2007;4958
20/06/2007;5475
27/06/2007;4923
04/07/2007;4607
11/07/2007;4912
18/07/2007;4174
25/07/2007;5052
01/08/2007;4874
08/08/2007;4998
15/08/2007;4735
22/08/2007;4842
29/08/2007;5089
05/09/2007;4685
12/09/2007;4755
19/09/2007;5416
26/09/2007;4761
03/10/2007;5430
10/10/2007;4379
17/10/2007;5080
24/10/2007;5046
31/10/2007;4950
07/11/2007;5119
14/11/2007;5143
21/11/2007;4959
28/11/2007;5176
05/12/2007;4905
12/12/2007;4831
19/12/2007;7500
26/12/2007;4910
02/01/2008;8693
09/01/2008;5146
16/01/2008;5171
23/01/2008;5335
30/01/2008;4650
06/02/2008;5548
13/02/2008;5316
20/02/2008;3861
27/02/2008;4740
05/03/2008;4867
12/03/2008;5076
19/03/2008;5152
26/03/2008;5729
02/04/2008;5158
09/04/2008;5127
16/04/2008;4745
23/04/2008;5437
30/04/2008;5721
07/05/2008;5191
14/05/2008;4657
21/05/2008;4399
28/05/2008;4940
04/06/2008;4844
11/06/2008;4849
18/06/2008;4926
25/06/2008;5070
02/07/2008;5042
09/07/2008;5180
16/07/2008;4711
23/07/2008;5419
30/07/2008;5094
06/08/2008;4880
13/08/2008;4859
20/08/2008;4765
27/08/2008;4828
03/09/2008;4746
10/09/2008;4723
17/09/2008;4941
24/09/2008;5088
01/10/2008;8629
08/10/2008;7910
15/10/2008;7338
22/10/2008;23166
29/10/2008;100736
05/11/2008;31800
12/11/2008;61776
19/11/2008;60465
26/11/2008;64531
03/12/2008;61049
10/12/2008;49529
17/12/2008;79632
24/12/2008;125933
31/12/2008;114229
07/01/2009;66137
14/01/2009;36826
21/01/2009;35510
28/01/2009;55539
04/02/2009;41917
11/02/2009;36506
18/02/2009;31082
25/02/2009;35583
04/03/2009;52413
11/03/2009;48896
18/03/2009;72723
25/03/2009;78083
01/04/2009;47129
08/04/2009;35981
15/04/2009;41866
22/04/2009;65720
29/04/2009;84774
06/05/2009;87083
13/05/2009;76059
20/05/2009;49838
27/05/2009;26692
03/06/2009;32573
10/06/2009;31392
17/06/2009;42257
24/06/2009;118671
01/07/2009;71990
08/07/2009;34200
15/07/2009;26431
22/07/2009;73188
29/07/2009;61406
05/08/2009;70812
12/08/2009;48217
19/08/2009;29767
26/08/2009;26273
02/09/2009;35581
09/09/2009;16798
16/09/2009;25346
23/09/2009;53301
30/09/2009;37910
07/10/2009;41579
14/10/2009;23173
21/10/2009;83461
28/10/2009;43241
04/11/2009;49511
11/11/2009;74637
18/11/2009;61634
25/11/2009;25904
02/12/2009;38243
09/12/2009;31793
16/12/2009;76741
23/12/2009;94951
30/12/2009;118523
06/01/2010;178343
13/01/2010;136382
20/01/2010;143908
27/01/2010;135038
03/02/2010;109506
10/02/2010;79862
17/02/2010;46480
24/02/2010;32891
03/03/2010;38894
10/03/2010;36142
17/03/2010;52167
24/03/2010;67603
31/03/2010;35896
07/04/2010;19091
14/04/2010;11666
21/04/2010;46088
28/04/2010;57162
05/05/2010;76667
12/05/2010;34305
19/05/2010;21159
26/05/2010;26077
02/06/2010;33135
09/06/2010;32796
16/06/2010;29199
23/06/2010;45852
30/06/2010;40112
07/07/2010;25984
14/07/2010;18262
21/07/2010;51307
28/07/2010;41603
04/08/2010;27377
11/08/2010;36113
18/08/2010;28343
25/08/2010;18823
01/09/2010;23113
08/09/2010;23062
15/09/2010;22341
22/09/2010;77377
29/09/2010;57576
06/10/2010;58125
13/10/2010;22780
20/10/2010;49934
27/10/2010;37919
03/11/2010;34276
10/11/2010;21585
17/11/2010;21787
24/11/2010;29391
01/12/2010;35378
08/12/2010;21184
15/12/2010;30093
22/12/2010;91479
29/12/2010;87472
05/01/2011;115386
12/01/2011;89107
19/01/2011;58958
26/01/2011;91704
02/02/2011;97314
09/02/2011;81217
16/02/2011;46423
23/02/2011;40558
02/03/2011;47058
09/03/2011;35841
16/03/2011;42088
23/03/2011;87280
30/03/2011;58515
06/04/2011;54802
13/04/2011;25419
20/04/2011;73268
27/04/2011;104152
04/05/2011;115026
11/05/2011;99593
18/05/2011;91448
25/05/2011;84259
01/06/2011;65992
08/06/2011;38188
15/06/2011;41336
22/06/2011;122935
29/06/2011;107983
06/07/2011;76560
13/07/2011;50339
20/07/2011;90719
27/07/2011;77019
03/08/2011;56911
10/08/2011;23425
17/08/2011;20172
24/08/2011;20782
31/08/2011;20320
07/09/2011;20192
14/09/2011;13766
21/09/2011;64915
28/09/2011;55718
05/10/2011;43655
12/10/2011;21906
19/10/2011;43403
26/10/2011;64369
02/11/2011;57775
09/11/2011;37029
16/11/2011;29786
23/11/2011;44347
30/11/2011;43770
07/12/2011;28282
14/12/2011;21484
21/12/2011;112404
28/12/2011;98652
04/01/2012;87058
11/01/2012;78263
18/01/2012;78069
25/01/2012;111236
01/02/2012;117554
08/02/2012;87962
15/02/2012;58049
22/02/2012;55795
29/02/2012;39475
07/03/2012;36963
14/03/2012;41816
21/03/2012;102488
28/03/2012;84043
04/04/2012;54899
11/04/2012;45289
18/04/2012;53427
25/04/2012;78498
02/05/2012;120748
09/05/2012;113232
16/05/2012;99876
23/05/2012;90083
30/05/2012;67804
06/06/2012;60763
13/06/2012;41885
20/06/2012;114746
27/06/2012;129149
04/07/2012;100829
11/07/2012;86400
18/07/2012;63021
25/07/2012;45537
01/08/2012;42102
08/08/2012;35622
15/08/2012;28398
22/08/2012;24038
29/08/2012;25194
05/09/2012;30048
12/09/2012;47019
19/09/2012;64716
26/09/2012;73239
03/10/2012;83297
10/10/2012;65845
17/10/2012;58473
24/10/2012;62738
31/10/2012;53905
07/11/2012;28002
14/11/2012;38664
21/11/2012;24433
28/11/2012;27904
05/12/2012;33997
12/12/2012;38980
19/12/2012;54986
26/12/2012;55563
02/01/2013;71564
09/01/2013;59644
16/01/2013;54020
23/01/2013;72207
30/01/2013;71127
06/02/2013;64279
13/02/2013;34908
20/02/2013;24877
27/02/2013;43012
06/03/2013;36793
13/03/2013;43000
20/03/2013;71366
27/03/2013;68019
03/04/2013;76144
10/04/2013;58767
17/04/2013;82572
24/04/2013;128700
01/05/2013;157054
08/05/2013;144071
15/05/2013;89999
22/05/2013;33233
29/05/2013;13502
05/06/2013;30230
12/06/2013;43056
19/06/2013;79129
26/06/2013;97212
03/07/2013;118745
10/07/2013;88690
17/07/2013;70158
24/07/2013;58403
31/07/2013;60063
07/08/2013;60845
14/08/2013;64121
21/08/2013;51174
28/08/2013;37298
04/09/2013;32432
11/09/2013;38551
18/09/2013;48099
25/09/2013;44991
02/10/2013;37961
09/10/2013;28728
16/10/2013;35301
23/10/2013;44193
30/10/2013;31806
06/11/2013;34358
13/11/2013;45639
20/11/2013;49446
27/11/2013;53744
04/12/2013;37947
11/12/2013;28992
18/12/2013;70572
25/12/2013;99122
01/01/2014;105104
08/01/2014;119258
15/01/2014;80022
22/01/2014;77798
29/01/2014;89337
05/02/2014;80081
12/02/2014;36410
19/02/2014;41184
26/02/2014;46704
05/03/2014;45394
12/03/2014;56141
19/03/2014;88345
26/03/2014;102040
02/04/2014;96163
09/04/2014;62436
16/04/2014;65457
23/04/2014;111394
30/04/2014;84126
07/05/2014;91397
14/05/2014;71250
21/05/2014;37745
28/05/2014;33573
04/06/2014;33895
11/06/2014;46921
18/06/2014;84475
25/06/2014;107244
02/07/2014;100085
09/07/2014;63826
16/07/2014;59384
23/07/2014;64138
30/07/2014;62335
06/08/2014;71513
13/08/2014;78066
20/08/2014;42803
27/08/2014;40217
03/09/2014;42868
10/09/2014;39081
17/09/2014;66417
24/09/2014;114828
01/10/2014;119237
08/10/2014;96461
15/10/2014;79790
22/10/2014;123514
29/10/2014;118424
05/11/2014;111382
12/11/2014;107205
19/11/2014;95281
26/11/2014;79769
03/12/2014;87426
10/12/2014;60092
17/12/2014;114776
24/12/2014;175093
31/12/2014;192063
07/01/2015;176817
14/01/2015;158268
21/01/2015;170152
28/01/2015;201192
04/02/2015;167272
11/02/2015;158907
18/02/2015;118836
25/02/2015;68114
04/03/2015;49803
11/03/2015;39431
18/03/2015;60686
25/03/2015;85907
01/04/2015;75467
08/04/2015;55206
15/04/2015;50447
22/04/2015;150028
29/04/2015;219702
06/05/2015;227506
13/05/2015;216211
20/05/2015;181641
27/05/2015;175577
03/06/2015;185794
10/06/2015;178468
17/06/2015;207648
24/06/2015;239498
01/07/2015;227457
08/07/2015;182596
15/07/2015;176411
22/07/2015;194772
29/07/2015;196825
05/08/2015;203501
12/08/2015;196323
19/08/2015;177883
26/08/2015;128581
02/09/2015;120354
09/09/2015;85792
16/09/2015;117411
23/09/2015;153512
30/09/2015;145165
07/10/2015;83381
14/10/2015;66439
21/10/2015;60403
28/10/2015;47100
04/11/2015;29795
11/11/2015;107125
18/11/2015;133021
25/11/2015;163491
02/12/2015;212756
09/12/2015;186624
16/12/2015;196343
23/12/2015;267608
30/12/2015;290467
06/01/2016;333220
13/01/2016;302983
20/01/2016;285318
27/01/2016;341996
03/02/2016;350858
10/02/2016;317303
17/02/2016;266760
24/02/2016;237950
02/03/2016;237207
09/03/2016;211443
16/03/2016;235634
23/03/2016;296956
30/03/2016;284660
06/04/2016;264323
13/04/2016;239635
20/04/2016;268785
27/04/2016;346166
04/05/2016;336357
11/05/2016;315369
18/05/2016;295339
25/05/2016;268619
01/06/2016;267948
08/06/2016;236351
15/06/2016;231257
22/06/2016;316838
29/06/2016;337093
06/07/2016;303297
13/07/2016;316064
20/07/2016;329150
27/07/2016;325499
03/08/2016;298813
10/08/2016;259832
17/08/2016;260810
24/08/2016;254376
31/08/2016;274195
07/09/2016;236154
14/09/2016;243082
21/09/2016;340448
28/09/2016;351700
05/10/2016;347760
12/10/2016;356185
19/10/2016;391988
26/10/2016;429027
02/11/2016;417665
09/11/2016;376217
16/11/2016;400625
23/11/2016;399665
30/11/2016;409360
07/12/2016;343355
14/12/2016;324525
21/12/2016;388497
28/12/2016;380679
04/01/2017;387989
11/01/2017;372492
18/01/2017;366090
25/01/2017;390842
01/02/2017;374841
08/02/2017;305735
15/02/2017;309919
22/02/2017;258292
01/03/2017;175496
08/03/2017;88220
15/03/2017;38579
22/03/2017;70827
29/03/2017;65187
05/04/2017;89210
12/04/2017;122218
19/04/2017;164543
26/04/2017;234219
03/05/2017;244655
10/05/2017;199013
17/05/2017;186080
24/05/2017;167165
31/05/2017;170984
07/06/2017;152444
14/06/2017;153646
21/06/2017;212275
28/06/2017;208365
05/07/2017;177006
12/07/2017;171033
19/07/2017;180400
26/07/2017;191404
02/08/2017;180348
09/08/2017;149862
16/08/2017;130954
23/08/2017;82077
30/08/2017;61057
06/09/2017;37563
13/09/2017;70232
20/09/2017;127782
27/09/2017;164652
04/10/2017;160433
11/10/2017;169766
18/10/2017;178974
25/10/2017;196332
01/11/2017;193546
08/11/2017;177780
15/11/2017;174631
22/11/2017;163579
29/11/2017;172282
06/12/2017;127586
13/12/2017;76208
20/12/2017;155612
27/12/2017;190283
03/01/2018;211566
10/01/2018;206215
17/01/2018;227665
24/01/2018;269118
31/01/2018;270244
07/02/2018;203936
14/02/2018;197681
21/02/2018;214677
28/02/2018;202620
07/03/2018;195071
14/03/2018;249929
21/03/2018;316454
28/03/2018;318858
04/04/2018;303916
11/04/2018;294083
18/04/2018;275246
25/04/2018;359599
02/05/2018;399984
09/05/2018;353741
16/05/2018;337258
23/05/2018;326445
30/05/2018;325351
06/06/2018;294069
13/06/2018;281188
20/06/2018;352777
27/06/2018;373940
04/07/2018;336026
11/07/2018;326476
18/07/2018;324457
25/07/2018;348886
01/08/2018;351523
08/08/2018;326471
15/08/2018;342799
22/08/2018;348393
29/08/2018;342543
05/09/2018;323764
12/09/2018;303654
19/09/2018;335878
26/09/2018;370031
03/10/2018;368007
10/10/2018;324721
17/10/2018;332923
24/10/2018;369576
31/10/2018;373368
07/11/2018;319984
14/11/2018;341094
21/11/2018;330202
28/11/2018;340596
05/12/2018;337564
12/12/2018;334967
19/12/2018;350714
26/12/2018;374085
02/01/2019;379902
09/01/2019;356698
16/01/2019;351180
23/01/2019;389626
30/01/2019;403276
06/02/2019;352375
13/02/2019;359109
20/02/2019;333896
27/02/2019;310574
06/03/2019;220045
13/03/2019;245972
20/03/2019;303623
27/03/2019;310868
03/04/2019;310188
10/04/2019;262617
17/04/2019;285264
24/04/2019;378602
01/05/2019;400498
08/05/2019;348357
15/05/2019;323786
22/05/2019;282864
29/05/2019;247777
05/06/2019;223638
12/06/2019;187560
19/06/2019;198398
26/06/2019;248302
03/07/2019;245306
10/07/2019;211115
17/07/2019;197005
24/07/2019;193362
31/07/2019;163763
07/08/2019;131704
14/08/2019;129957
21/08/2019;125725
28/08/2019;145957
04/09/2019;148740
11/09/2019;185342
18/09/2019;250226
25/09/2019;314189
02/10/2019;335171
09/10/2019;318191
16/10/2019;324604
23/10/2019;377985
30/10/2019;389872
06/11/2019;377029
13/11/2019;381955
20/11/2019;368813
27/11/2019;360941
04/12/2019;346971
11/12/2019;326865
18/12/2019;332592
25/12/2019;367820
01/01/2020;382553
08/01/2020;367002
15/01/2020;350987
22/01/2020;403941
29/01/2020;432061
05/02/2020;413322
12/02/2020;411237
19/02/2020;428805
26/02/2020;439365
04/03/2020;374515
11/03/2020;380556
18/03/2020;362576
25/03/2020;390252
01/04/2020;429267
08/04/2020;698578
15/04/2020;889815
22/04/2020;901331
29/04/2020;997507
06/05/2020;1127490
13/05/2020;1177494
20/05/2020;1194410
27/05/2020;1310491
03/06/2020;1434823
10/06/2020;1506558
17/06/2020;1560850
24/06/2020;1623942
01/07/2020;1657620
08/07/2020;1653098
15/07/2020;1655320
22/07/2020;1804944
29/07/2020;1816687
05/08/2020;1745228
12/08/2020;1669733
19/08/2020;1643505
26/08/2020;1622690
02/09/2020;1639159
09/09/2020;1611083
16/09/2020;1614855
23/09/2020;1680688
30/09/2020;1679152
07/10/2020;1697074
14/10/2020;1680998
21/10/2020;1724792
28/10/2020;1680933
04/11/2020;1621346
11/11/2020;1600837
18/11/2020;1556892
25/11/2020;1517215
02/12/2020;1531053
09/12/2020;1534243
16/12/2020;1529698
23/12/2020;1602407
30/12/2020;1591055
06/01/2021;1669327
13/01/2021;1589421
20/01/2021;1626906
27/01/2021;1633540
03/02/2021;1625325
10/02/2021;1608906
17/02/2021;1567041
24/02/2021;1529977
03/03/2021;1429549
10/03/2021;1360064
17/03/2021;1272583
24/03/2021;1061138
31/03/2021;1025727
07/04/2021;1010103
14/04/2021;925094
21/04/2021;1015902
28/04/2021;967689
05/05/2021;953689
12/05/2021;898779
19/05/2021;866119
26/05/2021;812473
02/06/2021;783235
09/06/2021;730235
16/06/2021;653889
23/06/2021;734689
30/06/2021;745962
07/07/2021;753364
14/07/2021;704918
21/07/2021;678103
28/07/2021;578204
04/08/2021;492668
11/08/2021;434919
18/08/2021;338808
25/08/2021;301430
01/09/2021;277650
08/09/2021;253496
15/09/2021;230328
22/09/2021;308022
29/09/2021;197744
06/10/2021;135582
13/10/2021;77858
20/10/2021;83386
27/10/2021;213291
03/11/2021;280205
10/11/2021;259293
17/11/2021;211453
24/11/2021;164087
01/12/2021;152651
08/12/2021;115117
15/12/2021;104798
22/12/2021;84954
29/12/2021;211849
05/01/2022;389751
12/01/2022;456401
19/01/2022;488697
26/01/2022;614877
02/02/2022;675773
09/02/2022;686384
16/02/2022;692541
23/02/2022;697838
02/03/2022;682903
09/03/2022;652039
16/03/2022;570606
23/03/2022;614616
30/03/2022;575065
06/04/2022;574451
13/04/2022;547308
20/04/2022;711406
27/04/2022;944328
04/05/2022;945478
11/05/2022;945658
18/05/2022;886964
25/05/2022;821535
01/06/2022;789532
08/06/2022;723384
15/06/2022;656870
22/06/2022;758283
29/06/2022;756627
06/07/2022;700457
13/07/2022;652572
20/07/2022;613878
27/07/2022;602945
03/08/2022;594115
10/08/2022;557265
17/08/2022;545321
24/08/2022;535267
31/08/2022;612536
07/09/2022;581295
14/09/2022;593808
21/09/2022;692496
28/09/2022;689569
05/10/2022;633939
12/10/2022;608302
19/10/2022;607199
26/10/2022;634548
02/11/2022;598544
09/11/2022;527479
16/11/2022;502982
23/11/2022;479474
30/11/2022;511474
07/12/2022;432335
14/12/2022;355517
21/12/2022;459780
28/12/2022;427926
04/01/2023;423625
11/01/2023;372340
18/01/2023;339018
25/01/2023;491848
01/02/2023;560089
08/02/2023;493277
15/02/2023;490379
22/02/2023;477333
01/03/2023;381245
08/03/2023;333350
15/03/2023;232866
22/03/2023;259587
29/03/2023;183577
05/04/2023;168793
12/04/2023;109208
19/04/2023;166555
26/04/2023;291702
03/05/2023;269216
10/05/2023;197666
17/05/2023;116220
24/05/2023;61952
31/05/2023;48954
07/06/2023;44756
14/06/2023;102118
21/06/2023;276850
28/06/2023;390571
05/07/2023;415441
12/07/2023;514337
19/07/2023;531135
26/07/2023;543597
02/08/2023;517459
09/08/2023;444594
16/08/2023;435795
23/08/2023;413787
30/08/2023;470800
06/09/2023;470881
13/09/2023;521507
20/09/2023;640296
27/09/2023;681143
04/10/2023;668009
11/10/2023;709160
18/10/2023;759878
25/10/2023;834418
01/11/2023;820487
08/11/2023;772686
15/11/2023;738562
22/11/2023;706017
29/11/2023;739209
06/12/2023;682509
13/12/2023;658440
20/12/2023;732196
27/12/2023;731405
03/01/2024;758448
10/01/2024;747565
17/01/2024;748883
24/01/2024;799358
31/01/2024;841550
07/02/2024;802135
14/02/2024;838005
21/02/2024;785465
28/02/2024;785821
06/03/2024;767733
13/03/2024;768369
20/03/2024;809298
27/03/2024;802233
03/04/2024;768651
10/04/2024;704971
17/04/2024;796535
24/04/2024;941430
01/05/2024;917177
08/05/2024;851591
15/05/2024;787133
22/05/2024;725376
29/05/2024;704335
05/06/2024;710309
12/06/2024;673573
19/06/2024;723410
26/06/2024;765417
03/07/2024;761373
10/07/2024;736402
17/07/2024;751593
24/07/2024;774315
31/07/2024;786486
07/08/2024;770931
14/08/2024;794120
21/08/2024;736494
28/08/2024;745851
04/09/2024;733959
11/09/2024;755958
18/09/2024;771194
25/09/2024;806771
02/10/2024;798277
09/10/2024;802115
16/10/2024;791792
23/10/2024;829991
30/10/2024;835237
06/11/2024;842051
13/11/2024;832186
20/11/2024;751873
27/11/2024;775250
04/12/2024;789516
11/12/2024;775067
18/12/2024;767932
25/12/2024;764770
01/01/2025;719873
08/01/2025;652636
15/01/2025;641225
22/01/2025;677282
29/01/2025;784206
05/02/2025;805593
12/02/2025;828102
19/02/2025;790062
26/02/2025;681161
05/03/2025;548331
12/03/2025;512581
19/03/2025;435936
26/03/2025;360177
02/04/2025;313326
09/04/2025;306049
16/04/2025;422983
23/04/2025;606632
30/04/2025;595741
07/05/2025;583727
14/05/2025;575846
21/05/2025;503055
28/05/2025;467204
04/06/2025;378947
11/06/2025;332907
18/06/2025;337762
25/06/2025;364375
02/07/2025;359516
09/07/2025;319889
16/07/2025;296247
23/07/2025;323176
30/07/2025;370507
06/08/2025;421043
13/08/2025;504304
20/08/2025;519534
27/08/2025;589998
03/09/2025;597513
10/09/2025;672274
17/09/2025;756376
24/09/2025;804856
01/10/2025;805139
08/10/2025;807428
15/10/2025;809593
22/10/2025;908001
29/10/2025;957990
05/11/2025;940979
12/11/2025;953816
19/11/2025;941926
26/11/2025;903394
03/12/2025;937167
10/12/2025;858946
17/12/2025;833093
24/12/2025;837120
31/12/2025;837306
07/01/2026;796148
14/01/2026;779175
21/01/2026;869261
28/01/2026;923042
04/02/2026;908773
11/02/2026;915306
18/02/2026;912727
25/02/2026;887612
04/03/2026;832053
11/03/2026;838186
18/03/2026;853052
25/03/2026;874077
01/04/2026;847718
08/04/2026;748376
15/04/2026;751354
22/04/2026;1005968
29/04/2026;981929
06/05/2026;877761
13/05/2026;838584
20/05/2026;781293
27/05/2026;830296
